Learnset,Level,Old Move,Change
sTepigLevelUpLearnset,36,MOVE_FIRE_LASH,-> MOVE_HEAD_SMASH
sPigniteLevelUpLearnset,36,MOVE_FIRE_LASH,-> MOVE_ASSURANCE
sOshawottLevelUpLearnset,40,MOVE_LIQUIDATION,-> MOVE_SWORDS_DANCE
sOshawottLevelUpLearnset,48,MOVE_WAVE_CRASH,-> MOVE_RETALIATE
sDewottLevelUpLearnset,40,MOVE_LIQUIDATION,-> MOVE_ENCORE
sDewottLevelUpLearnset,48,MOVE_WAVE_CRASH,-> MOVE_SWORDS_DANCE
sSamurottLevelUpLearnset,40,MOVE_LIQUIDATION,-> MOVE_ENCORE
sPansearLevelUpLearnset,36,MOVE_FIRE_LASH,-> MOVE_RECYCLE
sSimisearLevelUpLearnset,40,MOVE_FIRE_LASH,-> MOVE_FURY_SWIPES
sPanpourLevelUpLearnset,40,MOVE_LIQUIDATION,-> MOVE_NATURAL_GIFT
sPanpourLevelUpLearnset,48,MOVE_WAVE_CRASH,-> MOVE_CRUNCH
sSimipourLevelUpLearnset,62,MOVE_WAVE_CRASH,-> MOVE_FURY_SWIPES
sZebstrikaLevelUpLearnset,39,MOVE_HIGH_HORSEPOWER,-> MOVE_AGILITY
sDrilburLevelUpLearnset,36,MOVE_HIGH_HORSEPOWER,-> MOVE_SWORDS_DANCE
sDrilburLevelUpLearnset,48,MOVE_SHORE_UP,-> MOVE_DRILL_RUN
sTympoleLevelUpLearnset,40,MOVE_LIQUIDATION,-> MOVE_ECHOED_VOICE
sTympoleLevelUpLearnset,48,MOVE_WAVE_CRASH,-> MOVE_HYPER_VOICE
sPalpitoadLevelUpLearnset,40,MOVE_LIQUIDATION,-> MOVE_ECHOED_VOICE
sPalpitoadLevelUpLearnset,48,MOVE_WAVE_CRASH,-> MOVE_HYPER_VOICE
sSeismitoadLevelUpLearnset,40,MOVE_LIQUIDATION,-> MOVE_FLAIL
sSeismitoadLevelUpLearnset,48,MOVE_WAVE_CRASH,-> MOVE_ECHOED_VOICE
sSewaddleLevelUpLearnset,36,MOVE_FIRST_IMPRESSION,-> MOVE_ENDURE
sSwadloonLevelUpLearnset,36,MOVE_FIRST_IMPRESSION,-> MOVE_GRASS_WHISTLE
sLeavannyLevelUpLearnset,36,MOVE_FIRST_IMPRESSION,-> MOVE_LEAF_BLADE
sVenipedeLevelUpLearnset,36,MOVE_FIRST_IMPRESSION,-> MOVE_TOXIC
sWhirlipedeLevelUpLearnset,36,MOVE_FIRST_IMPRESSION,-> MOVE_STEAMROLLER
sScolipedeLevelUpLearnset,36,MOVE_FIRST_IMPRESSION,-> MOVE_AGILITY
sBasculinLevelUpLearnset,36,MOVE_WAVE_CRASH,-> MOVE_DOUBLE_EDGE
sBasculinLevelUpLearnset,40,MOVE_LIQUIDATION,-> MOVE_SCARY_FACE
sSandileLevelUpLearnset,36,MOVE_HIGH_HORSEPOWER,-> MOVE_FOUL_PLAY
sSandileLevelUpLearnset,48,MOVE_SHORE_UP,-> MOVE_THRASH
sKrokorokLevelUpLearnset,36,MOVE_HIGH_HORSEPOWER,-> MOVE_SCARY_FACE
sKrokorokLevelUpLearnset,48,MOVE_SHORE_UP,-> MOVE_THRASH
sKrookodileLevelUpLearnset,36,MOVE_HIGH_HORSEPOWER,-> MOVE_SCARY_FACE
sKrookodileLevelUpLearnset,48,MOVE_SHORE_UP,-> MOVE_FOUL_PLAY
sDarumakaLevelUpLearnset,36,MOVE_FIRE_LASH,-> MOVE_TAUNT
sDarmanitanLevelUpLearnset,36,MOVE_FIRE_LASH,-> MOVE_HAMMER_ARM
sDwebbleLevelUpLearnset,36,MOVE_FIRST_IMPRESSION,-> MOVE_SHELL_SMASH
sCrustleLevelUpLearnset,36,MOVE_FIRST_IMPRESSION,-> MOVE_SLASH
sCrustleLevelUpLearnset,42,MOVE_ACCELEROCK,-> MOVE_FLAIL
sYamaskLevelUpLearnset,48,MOVE_POLTERGEIST,-> MOVE_MEAN_LOOK
sCofagrigusLevelUpLearnset,46,MOVE_STRENGTH_SAP,-> MOVE_GRUDGE
sCofagrigusLevelUpLearnset,48,MOVE_POLTERGEIST,-> MOVE_MEAN_LOOK
sTirtougaLevelUpLearnset,40,MOVE_LIQUIDATION,-> MOVE_SHELL_SMASH
sTirtougaLevelUpLearnset,48,MOVE_WAVE_CRASH,-> MOVE_ROCK_SLIDE
sCarracostaLevelUpLearnset,42,MOVE_LIQUIDATION,-> MOVE_SHELL_SMASH
sCarracostaLevelUpLearnset,48,MOVE_WAVE_CRASH,-> MOVE_ROCK_SLIDE
sDucklettLevelUpLearnset,40,MOVE_LIQUIDATION,-> MOVE_BRAVE_BIRD
sDucklettLevelUpLearnset,48,MOVE_WAVE_CRASH,-> MOVE_HURRICANE
sSwannaLevelUpLearnset,40,MOVE_LIQUIDATION,-> MOVE_TAILWIND
sSwannaLevelUpLearnset,48,MOVE_WAVE_CRASH,-> MOVE_BRAVE_BIRD
sVanilliteLevelUpLearnset,16,MOVE_HAIL,removed (weather)
sVanilliteLevelUpLearnset,20,MOVE_AURORA_VEIL,-> MOVE_AVALANCHE
sVanillishLevelUpLearnset,16,MOVE_HAIL,removed (weather)
sVanillishLevelUpLearnset,20,MOVE_AURORA_VEIL,-> MOVE_AVALANCHE
sVanilluxeLevelUpLearnset,16,MOVE_HAIL,removed (weather)
sVanilluxeLevelUpLearnset,20,MOVE_AURORA_VEIL,-> MOVE_AVALANCHE
sKarrablastLevelUpLearnset,39,MOVE_FIRST_IMPRESSION,-> MOVE_SCARY_FACE
sEscavalierLevelUpLearnset,36,MOVE_FIRST_IMPRESSION,-> MOVE_IRON_HEAD
sFrillishLevelUpLearnset,40,MOVE_LIQUIDATION,-> MOVE_HEX
sFrillishLevelUpLearnset,42,MOVE_STRENGTH_SAP,-> MOVE_WRING_OUT
sFrillishLevelUpLearnset,48,MOVE_WAVE_CRASH,-> MOVE_WATER_SPOUT
sJellicentLevelUpLearnset,40,MOVE_LIQUIDATION,-> MOVE_HEX
sJellicentLevelUpLearnset,48,MOVE_WAVE_CRASH,-> MOVE_WRING_OUT
sAlomomolaLevelUpLearnset,40,MOVE_LIQUIDATION,-> MOVE_SAFEGUARD
sJoltikLevelUpLearnset,36,MOVE_FIRST_IMPRESSION,-> MOVE_AGILITY
sGalvantulaLevelUpLearnset,36,MOVE_FIRST_IMPRESSION,-> MOVE_SIGNAL_BEAM
sKlinkLevelUpLearnset,24,MOVE_SMART_STRIKE,-> MOVE_CHARGE_BEAM
sKlinkLevelUpLearnset,48,MOVE_STEEL_BEAM,-> MOVE_SHIFT_GEAR
sKlangLevelUpLearnset,24,MOVE_SMART_STRIKE,-> MOVE_CHARGE_BEAM
sKlangLevelUpLearnset,48,MOVE_STEEL_BEAM,-> MOVE_DISCHARGE
sKlinklangLevelUpLearnset,24,MOVE_SMART_STRIKE,-> MOVE_CHARGE_BEAM
sKlinklangLevelUpLearnset,48,MOVE_STEEL_BEAM,-> MOVE_DISCHARGE
sLitwickLevelUpLearnset,48,MOVE_POLTERGEIST,-> MOVE_PAIN_SPLIT
sLampentLevelUpLearnset,48,MOVE_POLTERGEIST,-> MOVE_INFERNO
sAxewLevelUpLearnset,44,MOVE_SCALE_SHOT,-> MOVE_SWORDS_DANCE
sAxewLevelUpLearnset,48,MOVE_DRAGON_ENERGY,-> MOVE_GUILLOTINE
sFraxureLevelUpLearnset,44,MOVE_SCALE_SHOT,-> MOVE_SWORDS_DANCE
sFraxureLevelUpLearnset,48,MOVE_DRAGON_ENERGY,-> MOVE_GUILLOTINE
sHaxorusLevelUpLearnset,44,MOVE_SCALE_SHOT,-> MOVE_SWORDS_DANCE
sHaxorusLevelUpLearnset,48,MOVE_DRAGON_ENERGY,-> MOVE_GUILLOTINE
sCubchooLevelUpLearnset,16,MOVE_HAIL,removed (weather)
sCubchooLevelUpLearnset,20,MOVE_AURORA_VEIL,-> MOVE_BRINE
sBearticLevelUpLearnset,16,MOVE_HAIL,removed (weather)
sBearticLevelUpLearnset,20,MOVE_AURORA_VEIL,-> MOVE_BRINE
sCryogonalLevelUpLearnset,16,MOVE_HAIL,removed (weather)
sCryogonalLevelUpLearnset,20,MOVE_AURORA_VEIL,-> MOVE_HAZE
sShelmetLevelUpLearnset,36,MOVE_FIRST_IMPRESSION,-> MOVE_GIGA_DRAIN
sAccelgorLevelUpLearnset,36,MOVE_FIRST_IMPRESSION,-> MOVE_GIGA_DRAIN
sDruddigonLevelUpLearnset,44,MOVE_SCALE_SHOT,-> MOVE_NIGHT_SLASH
sDruddigonLevelUpLearnset,48,MOVE_DRAGON_ENERGY,-> MOVE_ROCK_CLIMB
sGolettLevelUpLearnset,36,MOVE_HIGH_HORSEPOWER,-> MOVE_NIGHT_SHADE
sGolettLevelUpLearnset,48,MOVE_SHORE_UP,-> MOVE_HAMMER_ARM
sBouffalantLevelUpLearnset,36,MOVE_HIGH_HORSEPOWER,-> MOVE_FOCUS_ENERGY
sHeatmorLevelUpLearnset,24,MOVE_FIRE_LASH,-> MOVE_SNATCH
sDurantLevelUpLearnset,24,MOVE_FIRST_IMPRESSION,-> MOVE_METAL_CLAW
sLarvestaLevelUpLearnset,36,MOVE_FIRST_IMPRESSION,-> MOVE_FLAME_CHARGE
sTornadusLevelUpLearnset,77,MOVE_BLEAKWIND_STORM,-> MOVE_DARK_PULSE
sThundurusLevelUpLearnset,75,MOVE_WILDBOLT_STORM,-> MOVE_DARK_PULSE
sLandorusLevelUpLearnset,80,MOVE_SANDSEAR_STORM,-> MOVE_EARTHQUAKE
sFennekinLevelUpLearnset,36,MOVE_FIRE_LASH,-> MOVE_PSYSHOCK
sBraixenLevelUpLearnset,36,MOVE_FIRE_LASH,-> MOVE_PSYSHOCK
sDelphoxLevelUpLearnset,36,MOVE_FIRE_LASH,-> MOVE_PSYSHOCK
sFroakieLevelUpLearnset,40,MOVE_LIQUIDATION,-> MOVE_BOUNCE
sFroakieLevelUpLearnset,48,MOVE_WAVE_CRASH,-> MOVE_DOUBLE_TEAM
sFrogadierLevelUpLearnset,40,MOVE_LIQUIDATION,-> MOVE_SUBSTITUTE
sFrogadierLevelUpLearnset,48,MOVE_WAVE_CRASH,-> MOVE_DOUBLE_TEAM
sFletchinderLevelUpLearnset,36,MOVE_FIRE_LASH,-> MOVE_NATURAL_GIFT
sTalonflameLevelUpLearnset,36,MOVE_FIRE_LASH,-> MOVE_NATURAL_GIFT
sTalonflameLevelUpLearnset,42,MOVE_DUAL_WINGBEAT,-> MOVE_ACROBATICS
sLitleoLevelUpLearnset,36,MOVE_FIRE_LASH,-> MOVE_ECHOED_VOICE
sPyroarLevelUpLearnset,44,MOVE_SCORCHING_SANDS,-> MOVE_CRUNCH
sGogoatLevelUpLearnset,41,MOVE_HIGH_HORSEPOWER,-> MOVE_DOUBLE_EDGE
sHonedgeLevelUpLearnset,24,MOVE_SMART_STRIKE,-> MOVE_AERIAL_ACE
sHonedgeLevelUpLearnset,48,MOVE_STEEL_BEAM,-> MOVE_SACRED_SWORD
sDoubladeLevelUpLearnset,24,MOVE_SMART_STRIKE,-> MOVE_AERIAL_ACE
sDoubladeLevelUpLearnset,48,MOVE_STEEL_BEAM,-> MOVE_POWER_TRICK
sBarbaracleLevelUpLearnset,44,MOVE_LIQUIDATION,-> MOVE_NIGHT_SLASH
sClauncherLevelUpLearnset,40,MOVE_LIQUIDATION,-> MOVE_SMACK_DOWN
sClauncherLevelUpLearnset,48,MOVE_WAVE_CRASH,-> MOVE_MUDDY_WATER
sClawitzerLevelUpLearnset,40,MOVE_LIQUIDATION,-> MOVE_SMACK_DOWN
sCarbinkLevelUpLearnset,36,MOVE_BODY_PRESS,-> MOVE_FLAIL
sGoomyLevelUpLearnset,44,MOVE_SCALE_SHOT,-> MOVE_MUDDY_WATER
sGoomyLevelUpLearnset,48,MOVE_DRAGON_ENERGY,-> MOVE_BODY_SLAM
sSliggooLevelUpLearnset,44,MOVE_SCALE_SHOT,-> MOVE_MUDDY_WATER
sSliggooLevelUpLearnset,48,MOVE_DRAGON_ENERGY,-> MOVE_BODY_SLAM
sPhantumpLevelUpLearnset,48,MOVE_POLTERGEIST,-> MOVE_WOOD_HAMMER
sPumpkabooLevelUpLearnset,48,MOVE_POLTERGEIST,-> MOVE_SEED_BOMB
sBergmiteLevelUpLearnset,16,MOVE_HAIL,removed (weather)
sBergmiteLevelUpLearnset,20,MOVE_AURORA_VEIL,-> MOVE_SHARPEN
sAvaluggLevelUpLearnset,16,MOVE_HAIL,removed (weather)
sAvaluggLevelUpLearnset,20,MOVE_AURORA_VEIL,-> MOVE_SHARPEN
sAvaluggLevelUpLearnset,43,MOVE_BODY_PRESS,-> MOVE_RAPID_SPIN
sZygardeLevelUpLearnset,1,MOVE_CORE_ENFORCER,-> MOVE_CRUNCH
sFrosmothLevelUpLearnset,28,MOVE_SNOWSCAPE,removed (weather)
sEiscueLevelUpLearnset,42,MOVE_SNOWSCAPE,removed (weather)
sIronBundleLevelUpLearnset,70,MOVE_SNOWSCAPE,removed (weather)
sBaxcaliburLevelUpLearnset,1,MOVE_SNOWSCAPE,removed (weather)
sChienPaoLevelUpLearnset,30,MOVE_SNOWSCAPE,removed (weather)
